"file","permalink","seo_title","title","description"
"F:\tilers-sydney\about-harbour-tiling.md","/about-harbour-tiling/","","About Harbour Tiling","About Harbour Tiling — a tiling business based in Ryde NSW, focused on preparation, quality, and clear communication."
"F:\tilers-sydney\apartment-tiling.md","/apartment-tiling-ryde/","Apartment tiler in Ryde NSW (strata access & wet areas)","Apartment tiling","Apartment tiling in Ryde NSW: access logistics, strata constraints, waterproofing coordination for wet areas, and planning that prevents delays."
"F:\tilers-sydney\areas\ryde\concord\index.md","/areas/ryde/concord/","","Tiling in Concord","Harbour Tiling services Concord from a West Ryde base. Practical tiling planning: access logistics, waterproofing sequencing, substrate checks, and layout planning."
"F:\tilers-sydney\areas\ryde\denistone\index.md","/areas/ryde/denistone/","","Tiling in Denistone","Harbour Tiling services Denistone from a West Ryde base. What to consider before getting quotes: building type, waterproofing, access logistics, and layout planning."
"F:\tilers-sydney\areas\ryde\denistone-east\index.md","/areas/ryde/denistone-east/","","Tiling in Denistone East","Harbour Tiling services Denistone East from a West Ryde base. What to consider before getting quotes: building type, waterproofing, access logistics, and layout planning."
"F:\tilers-sydney\areas\ryde\denistone-west\index.md","/areas/ryde/denistone-west/","","Tiling in Denistone West","Harbour Tiling services Denistone West from a West Ryde base. What to consider before getting quotes: building type, waterproofing, access logistics, and layout planning."
"F:\tilers-sydney\areas\ryde\east-ryde\index.md","/areas/ryde/east-ryde/","","Tiling in East Ryde","Harbour Tiling services East Ryde from a West Ryde base. What to consider before getting quotes: building type, waterproofing, access logistics, and layout planning."
"F:\tilers-sydney\areas\ryde\eastwood\index.md","/areas/ryde/eastwood/","","Tiling in Eastwood","Harbour Tiling services Eastwood from a West Ryde base. What to consider before getting quotes: building type, waterproofing, access logistics, and layout planning."
"F:\tilers-sydney\areas\ryde\epping\index.md","/areas/ryde/epping/","","Tiling in Epping","Harbour Tiling services Epping from a West Ryde base. Practical tiling planning: access logistics, waterproofing sequencing, substrate checks, and layout planning."
"F:\tilers-sydney\areas\ryde\ermington\index.md","/areas/ryde/ermington/","","Tiling in Ermington","Harbour Tiling services Ermington from a West Ryde base. What to consider before getting quotes: building type, waterproofing, access logistics, and layout planning."
"F:\tilers-sydney\areas\ryde\gladesville\index.md","/areas/ryde/gladesville/","","Tiling in Gladesville","Harbour Tiling services Gladesville from a West Ryde base. What to consider before getting quotes: building type, waterproofing, access logistics, and layout planning."
"F:\tilers-sydney\areas\ryde\homebush\index.md","/areas/ryde/homebush/","","Tiling in Homebush","Harbour Tiling services Homebush from a West Ryde base. Practical tiling planning: access logistics, waterproofing sequencing, substrate checks, and layout planning."
"F:\tilers-sydney\areas\ryde\huntleys-cove\index.md","/areas/ryde/huntleys-cove/","","Tiling in Huntleys Cove","Harbour Tiling services Huntleys Cove from a West Ryde base. What to consider before getting quotes: building type, waterproofing, access logistics, and layout planning."
"F:\tilers-sydney\areas\ryde\lidcombe\index.md","/areas/ryde/lidcombe/","","Tiling in Lidcombe","Harbour Tiling services Lidcombe from a West Ryde base. Practical tiling planning: access logistics, waterproofing sequencing, substrate checks, and layout planning."
"F:\tilers-sydney\areas\ryde\macquarie-park\index.md","/areas/ryde/macquarie-park/","","Tiling in Macquarie Park","Harbour Tiling services Macquarie Park from a West Ryde base. What to consider before getting quotes: building type, waterproofing, access logistics, and layout planning."
"F:\tilers-sydney\areas\ryde\marsfield\index.md","/areas/ryde/marsfield/","","Tiling in Marsfield","Harbour Tiling services Marsfield from a West Ryde base. What to consider before getting quotes: building type, waterproofing, access logistics, and layout planning."
"F:\tilers-sydney\areas\ryde\meadowbank\index.md","/areas/ryde/meadowbank/","","Tiling in Meadowbank","Harbour Tiling services Meadowbank from a West Ryde base. What to consider before getting quotes: building type, waterproofing, access logistics, and layout planning."
"F:\tilers-sydney\areas\ryde\melrose-park\index.md","/areas/ryde/melrose-park/","","Tiling in Melrose Park","Harbour Tiling services Melrose Park from a West Ryde base. What to consider before getting quotes: building type, waterproofing, access logistics, and layout planning."
"F:\tilers-sydney\areas\ryde\north-ryde\index.md","/areas/ryde/north-ryde/","","Tiling in North Ryde","Harbour Tiling services North Ryde from a West Ryde base. What to consider before getting quotes: building type, waterproofing, access logistics, and layout planning."
"F:\tilers-sydney\areas\ryde\north-strathfield\index.md","/areas/ryde/north-strathfield/","","Tiling in North Strathfield","Harbour Tiling services North Strathfield from a West Ryde base. Practical tiling planning: access logistics, waterproofing sequencing, substrate checks, and layout planning."
"F:\tilers-sydney\areas\ryde\putney\index.md","/areas/ryde/putney/","","Tiling in Putney","Harbour Tiling services Putney from a West Ryde base. What to consider before getting quotes: building type, waterproofing, access logistics, and layout planning."
"F:\tilers-sydney\areas\ryde\rhodes\index.md","/areas/ryde/rhodes/","","Tiling in Rhodes","Harbour Tiling services Rhodes from a West Ryde base. Practical tiling planning: access logistics, waterproofing sequencing, substrate checks, and layout planning."
"F:\tilers-sydney\areas\ryde\rydalmere\index.md","/areas/ryde/rydalmere/","","Tiling in Rydalmere","Harbour Tiling services Rydalmere from a West Ryde base. Practical tiling planning: access logistics, waterproofing sequencing, substrate checks, and layout planning."
"F:\tilers-sydney\areas\ryde\ryde\index.md","/areas/ryde/ryde/","","Tiling in Ryde","Harbour Tiling services Ryde from a West Ryde base. What to consider before getting quotes: building type, waterproofing, access logistics, and layout planning."
"F:\tilers-sydney\areas\ryde\silverwater\index.md","/areas/ryde/silverwater/","","Tiling in Silverwater","Harbour Tiling services Silverwater from a West Ryde base. Practical tiling planning: access logistics, waterproofing sequencing, substrate checks, and layout planning."
"F:\tilers-sydney\areas\ryde\tennyson-point\index.md","/areas/ryde/tennyson-point/","","Tiling in Tennyson Point","Harbour Tiling services Tennyson Point from a West Ryde base. What to consider before getting quotes: building type, waterproofing, access logistics, and layout planning."
"F:\tilers-sydney\areas\ryde\west-ryde\index.md","/areas/ryde/west-ryde/","","Tiling in West Ryde","Harbour Tiling services West Ryde from a West Ryde base. What to consider before getting quotes: building type, waterproofing, access logistics, and layout planning."
"F:\tilers-sydney\areas-ryde.md","/areas/ryde/","","Ryde area tiling","Harbour Tiling services Ryde NSW and nearby suburbs from a West Ryde base. Explore suburb-specific tiling notes and what to consider before getting quotes."
"F:\tilers-sydney\bathroom-tiling.md","/bathroom-tiling-ryde/","Bathroom tiler in Ryde NSW (waterproofing coordination & setout)","Bathroom tiling","Bathroom tiling in Ryde NSW: preparation, waterproofing coordination, layout planning, and the decisions that affect longevity in real bathrooms."
"F:\tilers-sydney\CLINE_INSTRUCTIONS.md","","","",""
"F:\tilers-sydney\contact.md","/contact/","","Contact","Contact Harbour Tiling to discuss a tiling project in Ryde NSW, ask a question, or request a project assessment."
"F:\tilers-sydney\guides\apartment-tiling-ryde-strata.md","/apartment-tiling-ryde-strata/","","Apartment tiling in Ryde (strata logistics)","Apartment tiling in Ryde NSW: a people-first guide to strata logistics, lift bookings, noise restrictions, waterproofing documentation, and how to plan a bathroom or laundry retile without surprises."
"F:\tilers-sydney\guides\bathroom-tiling-cost-ryde.md","/bathroom-tiling-cost-ryde/","","Bathroom tiling cost in Ryde","A practical, people-first guide to bathroom tiling cost in Ryde NSW: what affects price, prep, waterproofing coordination, tile format, and how to compare quotes without getting caught by shortcuts."
"F:\tilers-sydney\guides\waterproofing-before-tiling-ryde.md","/waterproofing-before-tiling-ryde/","","Waterproofing before tiling in Ryde","A people-first guide to waterproofing before tiling in Ryde NSW: what happens first, what a tiler coordinates, cure time, documentation, and the common failure modes to avoid."
"F:\tilers-sydney\how-we-work.md","/how-we-work/","","How We Work","How Harbour Tiling approaches tiling work — preparation, sequencing, communication, and what to expect from start to finish."
"F:\tilers-sydney\index.md","/","","Harbour Tiling","Detail-led tiling for bathrooms, kitchens and apartments in Ryde NSW and nearby suburbs. Preparation-first approach, clear process, calm service."
"F:\tilers-sydney\kitchen-tiling.md","/kitchen-tiling-ryde/","Kitchen tiler in Ryde NSW (splashbacks & floors)","Kitchen tiling","Kitchen tiling in Ryde NSW: splashbacks, floors, feature walls, and layout planning coordinated with cabinetry and benchtops."
"F:\tilers-sydney\outdoor-patio-tiling.md","/outdoor-patio-tiling-ryde/","Outdoor patio tiling in Ryde NSW (alfresco & courtyards)","Outdoor patio tiling","Outdoor patio tiling in Ryde NSW: slip resistance, drainage, movement joints, and tile selection for Sydney outdoor conditions (patios, courtyards and alfresco areas)."
"F:\tilers-sydney\pool-tiling.md","/pool-tiling-ryde/","Pool tiling in Ryde NSW (waterline tiles & surrounds)","Pool tiling","Pool tiling in Ryde NSW and nearby suburbs: waterline tiles, surrounds, movement joints, drainage, and tile selection for chlorine/salt pools and outdoor conditions."
"F:\tilers-sydney\README.md","","","",""
"F:\tilers-sydney\tiling-in-ryde-nsw.md","/tiling-in-ryde-nsw/","","Tiling in Ryde NSW","An informational guide to tiling in Ryde NSW — housing types, common issues, apartment vs house differences, and what to consider before getting quotes."
